step,K,V_WCA,V_tether,H
0,0.0000256261,0.0000000000,0.0000000000,0.0000256261
1,0.0000256242,0.0000000000,0.0000000019,0.0000256261
2,0.0000256185,0.0000000000,0.0000000076,0.0000256261
3,0.0000256090,0.0000000000,0.0000000170,0.0000256261
4,0.0000255958,0.0000000000,0.0000000303,0.0000256261
5,0.0000255788,0.0000000000,0.0000000473,0.0000256261
6,0.0000255580,0.0000000000,0.0000000681,0.0000256261
7,0.0000255335,0.0000000000,0.0000000926,0.0000256261
8,0.0000255051,0.0000000000,0.0000001209,0.0000256261
9,0.0000254731,0.0000000000,0.0000001530,0.0000256261
10,0.0000254373,0.0000000000,0.0000001888,0.0000256261
11,0.0000253978,0.0000000000,0.0000002283,0.0000256261
12,0.0000253545,0.0000000000,0.0000002715,0.0000256261
13,0.0000253076,0.0000000000,0.0000003185,0.0000256261
14,0.0000252570,0.0000000000,0.0000003691,0.0000256261
15,0.0000252027,0.0000000000,0.0000004234,0.0000256261
16,0.0000251447,0.0000000000,0.0000004814,0.0000256261
17,0.0000250831,0.0000000000,0.0000005430,0.0000256261
18,0.0000250179,0.0000000000,0.0000006082,0.0000256261
19,0.0000249491,0.0000000000,0.0000006770,0.0000256261
20,0.0000248767,0.0000000000,0.0000007494,0.0000256261
21,0.0000248007,0.0000000000,0.0000008253,0.0000256261
22,0.0000247213,0.0000000000,0.0000009048,0.0000256261
23,0.0000246383,0.0000000000,0.0000009878,0.0000256261
24,0.0000245518,0.0000000000,0.0000010743,0.0000256261
25,0.0000244618,0.0000000000,0.0000011642,0.0000256261
26,0.0000243685,0.0000000000,0.0000012576,0.0000256261
27,0.0000242717,0.0000000000,0.0000013544,0.0000256261
28,0.0000241716,0.0000000000,0.0000014545,0.0000256261
29,0.0000240681,0.0000000000,0.0000015580,0.0000256261
30,0.0000239613,0.0000000000,0.0000016648,0.0000256261
31,0.0000238512,0.0000000000,0.0000017749,0.0000256261
32,0.0000237379,0.0000000000,0.0000018882,0.0000256261
33,0.0000236214,0.0000000000,0.0000020048,0.0000256261
34,0.0000235016,0.0000000000,0.0000021245,0.0000256261
35,0.0000233788,0.0000000000,0.0000022473,0.0000256261
36,0.0000232528,0.0000000000,0.0000023733,0.0000256261
37,0.0000231238,0.0000000000,0.0000025023,0.0000256261
38,0.0000229918,0.0000000000,0.0000026343,0.0000256261
39,0.0000228568,0.0000000000,0.0000027693,0.0000256261
40,0.0000227188,0.0000000000,0.0000029073,0.0000256261
41,0.0000225780,0.0000000000,0.0000030482,0.0000256261
42,0.0000224342,0.0000000000,0.0000031919,0.0000256261
43,0.0000222877,0.0000000000,0.0000033384,0.0000256261
44,0.0000221384,0.0000000000,0.0000034877,0.0000256261
45,0.0000219864,0.0000000000,0.0000036398,0.0000256261
46,0.0000218317,0.0000000000,0.0000037945,0.0000256261
47,0.0000216743,0.0000000000,0.0000039518,0.0000256261
48,0.0000215144,0.0000000000,0.0000041118,0.0000256262
49,0.0000213519,0.0000000000,0.0000042742,0.0000256262
50,0.0000211870,0.0000000000,0.0000044392,0.0000256262
51,0.0000210196,0.0000000000,0.0000046065,0.0000256262
52,0.0000208499,0.0000000000,0.0000047763,0.0000256262
53,0.0000206778,0.0000000000,0.0000049484,0.0000256262
54,0.0000205034,0.0000000000,0.0000051228,0.0000256262
55,0.0000203268,0.0000000000,0.0000052994,0.0000256262
56,0.0000201480,0.0000000000,0.0000054782,0.0000256262
57,0.0000199671,0.0000000000,0.0000056591,0.0000256262
58,0.0000197841,0.0000000000,0.0000058421,0.0000256262
59,0.0000195991,0.0000000000,0.0000060271,0.0000256262
60,0.0000194122,0.0000000000,0.0000062140,0.0000256262
61,0.0000192234,0.0000000000,0.0000064028,0.0000256262
62,0.0000190327,0.0000000000,0.0000065935,0.0000256262
63,0.0000188402,0.0000000000,0.0000067860,0.0000256262
64,0.0000186461,0.0000000000,0.0000069801,0.0000256262
65,0.0000184502,0.0000000000,0.0000071760,0.0000256262
66,0.0000182528,0.0000000000,0.0000073734,0.0000256262
67,0.0000180538,0.0000000000,0.0000075724,0.0000256262
68,0.0000178533,0.0000000000,0.0000077729,0.0000256262
69,0.0000176514,0.0000000000,0.0000079748,0.0000256262
70,0.0000174481,0.0000000000,0.0000081781,0.0000256262
71,0.0000172436,0.0000000000,0.0000083827,0.0000256262
72,0.0000170377,0.0000000000,0.0000085885,0.0000256262
73,0.0000168308,0.0000000000,0.0000087955,0.0000256262
74,0.0000166226,0.0000000000,0.0000090036,0.0000256262
75,0.0000164135,0.0000000000,0.0000092128,0.0000256262
76,0.0000162033,0.0000000000,0.0000094229,0.0000256263
77,0.0000159923,0.0000000000,0.0000096340,0.0000256263
78,0.0000157803,0.0000000000,0.0000098459,0.0000256263
79,0.0000155676,0.0000000000,0.0000100587,0.0000256263
80,0.0000153541,0.0000000000,0.0000102721,0.0000256263
81,0.0000151400,0.0000000000,0.0000104863,0.0000256263
82,0.0000149253,0.0000000000,0.0000107010,0.0000256263
83,0.0000147100,0.0000000000,0.0000109163,0.0000256263
84,0.0000144942,0.0000000000,0.0000111321,0.0000256263
85,0.0000142780,0.0000000000,0.0000113482,0.0000256263
86,0.0000140615,0.0000000000,0.0000115648,0.0000256263
87,0.0000138447,0.0000000000,0.0000117815,0.0000256263
88,0.0000136277,0.0000000000,0.0000119986,0.0000256263
89,0.0000134106,0.0000000000,0.0000122157,0.0000256263
90,0.0000131934,0.0000000000,0.0000124329,0.0000256263
91,0.0000129761,0.0000000000,0.0000126502,0.0000256263
92,0.0000127589,0.0000000000,0.0000128674,0.0000256263
93,0.0000125418,0.0000000000,0.0000130845,0.0000256263
94,0.0000123249,0.0000000000,0.0000133014,0.0000256263
95,0.0000121082,0.0000000000,0.0000135181,0.0000256263
96,0.0000118919,0.0000000000,0.0000137345,0.0000256263
97,0.0000116759,0.0000000000,0.0000139504,0.0000256263
98,0.0000114604,0.0000000000,0.0000141660,0.0000256263
99,0.0000112453,0.0000000000,0.0000143810,0.0000256263
100,0.0000110306,0.0000000000,0.0000145955,0.0000256261
101,0.0000108167,0.0000000000,0.0000148093,0.0000256261
102,0.0000106036,0.0000000000,0.0000150225,0.0000256261
103,0.0000103912,0.0000000000,0.0000152349,0.0000256261
104,0.0000101797,0.0000000000,0.0000154464,0.0000256261
105,0.0000099690,0.0000000000,0.0000156571,0.0000256261
106,0.0000097593,0.0000000000,0.0000158668,0.0000256261
107,0.0000095506,0.0000000000,0.0000160755,0.0000256261
108,0.0000093430,0.0000000000,0.0000162831,0.0000256261
109,0.0000091365,0.0000000000,0.0000164896,0.0000256261
110,0.0000089312,0.0000000000,0.0000166949,0.0000256261
111,0.0000087272,0.0000000000,0.0000168989,0.0000256261
112,0.0000085245,0.0000000000,0.0000171016,0.0000256261
113,0.0000083232,0.0000000000,0.0000173029,0.0000256261
114,0.0000081233,0.0000000000,0.0000175028,0.0000256261
115,0.0000079250,0.0000000000,0.0000177012,0.0000256261
116,0.0000077282,0.0000000000,0.0000178980,0.0000256261
117,0.0000075330,0.0000000000,0.0000180931,0.0000256261
118,0.0000073395,0.0000000000,0.0000182866,0.0000256261
119,0.0000071477,0.0000000000,0.0000184784,0.0000256261
120,0.0000069578,0.0000000000,0.0000186684,0.0000256261
121,0.0000067697,0.0000000000,0.0000188565,0.0000256262
122,0.0000065835,0.0000000000,0.0000190427,0.0000256262
123,0.0000063992,0.0000000000,0.0000192270,0.0000256262
124,0.0000062170,0.0000000000,0.0000194092,0.0000256262
125,0.0000060368,0.0000000000,0.0000195893,0.0000256262
126,0.0000058588,0.0000000000,0.0000197674,0.0000256262
127,0.0000056829,0.0000000000,0.0000199432,0.0000256262
128,0.0000055093,0.0000000000,0.0000201169,0.0000256262
129,0.0000053380,0.0000000000,0.0000202882,0.0000256262
130,0.0000051690,0.0000000000,0.0000204572,0.0000256262
131,0.0000050023,0.0000000000,0.0000206239,0.0000256262
132,0.0000048381,0.0000000000,0.0000207881,0.0000256262
133,0.0000046764,0.0000000000,0.0000209498,0.0000256262
134,0.0000045172,0.0000000000,0.0000211090,0.0000256262
135,0.0000043606,0.0000000000,0.0000212656,0.0000256262
136,0.0000042066,0.0000000000,0.0000214196,0.0000256262
137,0.0000040552,0.0000000000,0.0000215710,0.0000256262
138,0.0000039066,0.0000000000,0.0000217196,0.0000256262
139,0.0000037607,0.0000000000,0.0000218655,0.0000256262
140,0.0000036177,0.0000000000,0.0000220086,0.0000256262
141,0.0000034774,0.0000000000,0.0000221488,0.0000256262
142,0.0000033400,0.0000000000,0.0000222862,0.0000256262
143,0.0000032056,0.0000000000,0.0000224206,0.0000256262
144,0.0000030741,0.0000000000,0.0000225521,0.0000256262
145,0.0000029456,0.0000000000,0.0000226806,0.0000256262
146,0.0000028201,0.0000000000,0.0000228061,0.0000256262
147,0.0000026977,0.0000000000,0.0000229285,0.0000256262
148,0.0000025785,0.0000000000,0.0000230478,0.0000256262
149,0.0000024623,0.0000000000,0.0000231639,0.0000256262
150,0.0000023493,0.0000000000,0.0000232769,0.0000256262
151,0.0000022395,0.0000000000,0.0000233867,0.0000256262
152,0.0000021330,0.0000000000,0.0000234932,0.0000256262
153,0.0000020297,0.0000000000,0.0000235965,0.0000256262
154,0.0000019297,0.0000000000,0.0000236965,0.0000256262
155,0.0000018331,0.0000000000,0.0000237932,0.0000256262
156,0.0000017398,0.0000000000,0.0000238865,0.0000256262
157,0.0000016498,0.0000000000,0.0000239764,0.0000256262
158,0.0000015633,0.0000000000,0.0000240629,0.0000256262
159,0.0000014802,0.0000000000,0.0000241460,0.0000256262
160,0.0000014006,0.0000000000,0.0000242257,0.0000256262
161,0.0000013244,0.0000000000,0.0000243019,0.0000256263
162,0.0000012517,0.0000000000,0.0000243745,0.0000256263
163,0.0000011825,0.0000000000,0.0000244437,0.0000256263
164,0.0000011169,0.0000000000,0.0000245094,0.0000256263
165,0.0000010548,0.0000000000,0.0000245714,0.0000256263
166,0.0000009963,0.0000000000,0.0000246300,0.0000256263
167,0.0000009413,0.0000000000,0.0000246849,0.0000256263
168,0.0000008900,0.0000000000,0.0000247363,0.0000256263
169,0.0000008423,0.0000000000,0.0000247840,0.0000256263
170,0.0000007981,0.0000000000,0.0000248281,0.0000256263
171,0.0000007577,0.0000000000,0.0000248686,0.0000256263
172,0.0000007208,0.0000000000,0.0000249054,0.0000256263
173,0.0000006876,0.0000000000,0.0000249386,0.0000256263
174,0.0000006581,0.0000000000,0.0000249682,0.0000256263
175,0.0000006322,0.0000000000,0.0000249940,0.0000256263
176,0.0000006101,0.0000000000,0.0000250162,0.0000256263
177,0.0000005915,0.0000000000,0.0000250347,0.0000256263
178,0.0000005767,0.0000000000,0.0000250496,0.0000256263
179,0.0000005656,0.0000000000,0.0000250607,0.0000256263
180,0.0000005581,0.0000000000,0.0000250682,0.0000256263
181,0.0000005543,0.0000000000,0.0000250720,0.0000256263
182,0.0000005542,0.0000000000,0.0000250721,0.0000256263
183,0.0000005578,0.0000000000,0.0000250685,0.0000256263
184,0.0000005650,0.0000000000,0.0000250613,0.0000256263
185,0.0000005759,0.0000000000,0.0000250504,0.0000256263
186,0.0000005905,0.0000000000,0.0000250358,0.0000256263
187,0.0000006087,0.0000000000,0.0000250175,0.0000256263
188,0.0000006306,0.0000000000,0.0000249957,0.0000256263
189,0.0000006561,0.0000000000,0.0000249701,0.0000256263
190,0.0000006853,0.0000000000,0.0000249410,0.0000256263
191,0.0000007181,0.0000000000,0.0000249082,0.0000256263
192,0.0000007544,0.0000000000,0.0000248718,0.0000256263
193,0.0000007944,0.0000000000,0.0000248318,0.0000256263
194,0.0000008380,0.0000000000,0.0000247883,0.0000256263
195,0.0000008851,0.0000000000,0.0000247412,0.0000256263
196,0.0000009357,0.0000000000,0.0000246905,0.0000256263
197,0.0000009899,0.0000000000,0.0000246363,0.0000256263
198,0.0000010476,0.0000000000,0.0000245786,0.0000256263
199,0.0000011088,0.0000000000,0.0000245175,0.0000256262
200,0.0000011733,0.0000000000,0.0000244528,0.0000256261
201,0.0000012413,0.0000000000,0.0000243847,0.0000256261
202,0.0000013129,0.0000000000,0.0000243132,0.0000256261
203,0.0000013878,0.0000000000,0.0000242383,0.0000256261
204,0.0000014660,0.0000000000,0.0000241600,0.0000256261
205,0.0000015477,0.0000000000,0.0000240784,0.0000256261
206,0.0000016326,0.0000000000,0.0000239935,0.0000256261
207,0.0000017208,0.0000000000,0.0000239052,0.0000256261
208,0.0000018123,0.0000000000,0.0000238137,0.0000256261
209,0.0000019071,0.0000000000,0.0000237190,0.0000256261
210,0.0000020050,0.0000000000,0.0000236211,0.0000256261
211,0.0000021061,0.0000000000,0.0000235200,0.0000256261
212,0.0000022103,0.0000000000,0.0000234158,0.0000256261
213,0.0000023176,0.0000000000,0.0000233084,0.0000256260
214,0.0000024280,0.0000000000,0.0000231980,0.0000256260
215,0.0000025414,0.0000000000,0.0000230846,0.0000256260
216,0.0000026578,0.0000000000,0.0000229682,0.0000256260
217,0.0000027772,0.0000000000,0.0000228488,0.0000256260
218,0.0000028995,0.0000000000,0.0000227266,0.0000256260
219,0.0000030246,0.0000000000,0.0000226014,0.0000256260
220,0.0000031526,0.0000000000,0.0000224734,0.0000256260
221,0.0000032834,0.0000000000,0.0000223426,0.0000256260
222,0.0000034169,0.0000000000,0.0000222091,0.0000256260
223,0.0000035532,0.0000000000,0.0000220729,0.0000256260
224,0.0000036921,0.0000000000,0.0000219339,0.0000256260
225,0.0000038336,0.0000000000,0.0000217924,0.0000256260
226,0.0000039777,0.0000000000,0.0000216483,0.0000256260
227,0.0000041243,0.0000000000,0.0000215017,0.0000256260
228,0.0000042735,0.0000000000,0.0000213526,0.0000256260
229,0.0000044250,0.0000000000,0.0000212010,0.0000256260
230,0.0000045789,0.0000000000,0.0000210471,0.0000256260
231,0.0000047352,0.0000000000,0.0000208908,0.0000256260
232,0.0000048938,0.0000000000,0.0000207322,0.0000256260
233,0.0000050546,0.0000000000,0.0000205714,0.0000256260
234,0.0000052176,0.0000000000,0.0000204084,0.0000256260
235,0.0000053827,0.0000000000,0.0000202433,0.0000256260
236,0.0000055499,0.0000000000,0.0000200761,0.0000256260
237,0.0000057191,0.0000000000,0.0000199069,0.0000256260
238,0.0000058903,0.0000000000,0.0000197356,0.0000256260
239,0.0000060635,0.0000000000,0.0000195625,0.0000256260
240,0.0000062385,0.0000000000,0.0000193875,0.0000256260
241,0.0000064153,0.0000000000,0.0000192107,0.0000256260
242,0.0000065938,0.0000000000,0.0000190321,0.0000256260
243,0.0000067741,0.0000000000,0.0000188518,0.0000256260
244,0.0000069560,0.0000000000,0.0000186699,0.0000256260
245,0.0000071395,0.0000000000,0.0000184864,0.0000256260
246,0.0000073246,0.0000000000,0.0000183014,0.0000256259
247,0.0000075111,0.0000000000,0.0000181149,0.0000256259
248,0.0000076990,0.0000000000,0.0000179270,0.0000256259
249,0.0000078883,0.0000000000,0.0000177377,0.0000256259
250,0.0000080788,0.0000000000,0.0000175471,0.0000256259
251,0.0000082706,0.0000000000,0.0000173553,0.0000256259
252,0.0000084636,0.0000000000,0.0000171623,0.0000256259
253,0.0000086577,0.0000000000,0.0000169682,0.0000256259
254,0.0000088529,0.0000000000,0.0000167731,0.0000256259
255,0.0000090490,0.0000000000,0.0000165769,0.0000256259
256,0.0000092461,0.0000000000,0.0000163798,0.0000256259
257,0.0000094440,0.0000000000,0.0000161819,0.0000256259
258,0.0000096428,0.0000000000,0.0000159831,0.0000256259
259,0.0000098423,0.0000000000,0.0000157836,0.0000256259
260,0.0000100425,0.0000000000,0.0000155834,0.0000256259
261,0.0000102433,0.0000000000,0.0000153826,0.0000256259
262,0.0000104447,0.0000000000,0.0000151812,0.0000256259
263,0.0000106466,0.0000000000,0.0000149793,0.0000256259
264,0.0000108489,0.0000000000,0.0000147769,0.0000256259
265,0.0000110516,0.0000000000,0.0000145742,0.0000256259
266,0.0000112546,0.0000000000,0.0000143712,0.0000256259
267,0.0000114579,0.0000000000,0.0000141680,0.0000256259
268,0.0000116614,0.0000000000,0.0000139645,0.0000256259
269,0.0000118649,0.0000000000,0.0000137609,0.0000256259
270,0.0000120686,0.0000000000,0.0000135573,0.0000256259
271,0.0000122722,0.0000000000,0.0000133536,0.0000256259
272,0.0000124758,0.0000000000,0.0000131500,0.0000256258
273,0.0000126793,0.0000000000,0.0000129466,0.0000256258
274,0.0000128825,0.0000000000,0.0000127433,0.0000256258
275,0.0000130855,0.0000000000,0.0000125403,0.0000256258
276,0.0000132882,0.0000000000,0.0000123376,0.0000256258
277,0.0000134906,0.0000000000,0.0000121353,0.0000256258
278,0.0000136924,0.0000000000,0.0000119334,0.0000256258
279,0.0000138938,0.0000000000,0.0000117320,0.0000256258
280,0.0000140947,0.0000000000,0.0000115311,0.0000256258
281,0.0000142949,0.0000000000,0.0000113309,0.0000256258
282,0.0000144944,0.0000000000,0.0000111314,0.0000256258
283,0.0000146932,0.0000000000,0.0000109326,0.0000256258
284,0.0000148912,0.0000000000,0.0000107346,0.0000256258
285,0.0000150883,0.0000000000,0.0000105375,0.0000256258
286,0.0000152845,0.0000000000,0.0000103413,0.0000256258
287,0.0000154797,0.0000000000,0.0000101461,0.0000256258
288,0.0000156739,0.0000000000,0.0000099519,0.0000256258
289,0.0000158669,0.0000000000,0.0000097588,0.0000256258
290,0.0000160589,0.0000000000,0.0000095669,0.0000256258
291,0.0000162495,0.0000000000,0.0000093762,0.0000256258
292,0.0000164390,0.0000000000,0.0000091868,0.0000256258
293,0.0000166270,0.0000000000,0.0000089987,0.0000256258
294,0.0000168137,0.0000000000,0.0000088120,0.0000256258
295,0.0000169990,0.0000000000,0.0000086268,0.0000256258
296,0.0000171827,0.0000000000,0.0000084430,0.0000256258
297,0.0000173649,0.0000000000,0.0000082608,0.0000256258
298,0.0000175455,0.0000000000,0.0000080803,0.0000256258
299,0.0000177244,0.0000000000,0.0000079013,0.0000256257
300,0.0000179019,0.0000000000,0.0000077241,0.0000256261
301,0.0000180773,0.0000000000,0.0000075487,0.0000256261
302,0.0000182509,0.0000000000,0.0000073751,0.0000256261
303,0.0000184227,0.0000000000,0.0000072034,0.0000256261
304,0.0000185925,0.0000000000,0.0000070336,0.0000256261
305,0.0000187603,0.0000000000,0.0000068658,0.0000256261
306,0.0000189260,0.0000000000,0.0000067000,0.0000256261
307,0.0000190898,0.0000000000,0.0000065363,0.0000256260
308,0.0000192513,0.0000000000,0.0000063747,0.0000256260
309,0.0000194107,0.0000000000,0.0000062153,0.0000256260
310,0.0000195679,0.0000000000,0.0000060581,0.0000256260
311,0.0000197228,0.0000000000,0.0000059032,0.0000256260
312,0.0000198754,0.0000000000,0.0000057506,0.0000256260
313,0.0000200257,0.0000000000,0.0000056003,0.0000256260
314,0.0000201735,0.0000000000,0.0000054525,0.0000256260
315,0.0000203189,0.0000000000,0.0000053071,0.0000256260
316,0.0000204618,0.0000000000,0.0000051642,0.0000256260
317,0.0000206022,0.0000000000,0.0000050238,0.0000256260
318,0.0000207400,0.0000000000,0.0000048860,0.0000256260
319,0.0000208752,0.0000000000,0.0000047508,0.0000256260
320,0.0000210077,0.0000000000,0.0000046183,0.0000256260
321,0.0000211376,0.0000000000,0.0000044884,0.0000256260
322,0.0000212647,0.0000000000,0.0000043613,0.0000256260
323,0.0000213891,0.0000000000,0.0000042369,0.0000256260
324,0.0000215106,0.0000000000,0.0000041154,0.0000256260
325,0.0000216294,0.0000000000,0.0000039966,0.0000256260
326,0.0000217452,0.0000000000,0.0000038808,0.0000256260
327,0.0000218582,0.0000000000,0.0000037678,0.0000256260
328,0.0000219682,0.0000000000,0.0000036578,0.0000256260
329,0.0000220753,0.0000000000,0.0000035507,0.0000256260
330,0.0000221793,0.0000000000,0.0000034467,0.0000256260
331,0.0000222804,0.0000000000,0.0000033456,0.0000256260
332,0.0000223784,0.0000000000,0.0000032476,0.0000256260
333,0.0000224733,0.0000000000,0.0000031527,0.0000256260
334,0.0000225651,0.0000000000,0.0000030609,0.0000256260
335,0.0000226538,0.0000000000,0.0000029722,0.0000256260
336,0.0000227393,0.0000000000,0.0000028867,0.0000256260
337,0.0000228216,0.0000000000,0.0000028044,0.0000256260
338,0.0000229008,0.0000000000,0.0000027252,0.0000256260
339,0.0000229767,0.0000000000,0.0000026493,0.0000256260
340,0.0000230494,0.0000000000,0.0000025766,0.0000256260
341,0.0000231188,0.0000000000,0.0000025072,0.0000256260
342,0.0000231849,0.0000000000,0.0000024411,0.0000256260
343,0.0000232477,0.0000000000,0.0000023782,0.0000256260
344,0.0000233072,0.0000000000,0.0000023187,0.0000256260
345,0.0000233634,0.0000000000,0.0000022625,0.0000256260
346,0.0000234163,0.0000000000,0.0000022097,0.0000256260
347,0.0000234658,0.0000000000,0.0000021602,0.0000256260
348,0.0000235119,0.0000000000,0.0000021141,0.0000256260
349,0.0000235547,0.0000000000,0.0000020713,0.0000256260
350,0.0000235940,0.0000000000,0.0000020320,0.0000256260
351,0.0000236300,0.0000000000,0.0000019960,0.0000256260
352,0.0000236625,0.0000000000,0.0000019634,0.0000256260
353,0.0000236917,0.0000000000,0.0000019343,0.0000256260
354,0.0000237174,0.0000000000,0.0000019086,0.0000256260
355,0.0000237397,0.0000000000,0.0000018863,0.0000256260
356,0.0000237586,0.0000000000,0.0000018674,0.0000256260
357,0.0000237740,0.0000000000,0.0000018519,0.0000256260
358,0.0000237861,0.0000000000,0.0000018399,0.0000256260
359,0.0000237947,0.0000000000,0.0000018313,0.0000256260
360,0.0000237998,0.0000000000,0.0000018261,0.0000256260
361,0.0000238016,0.0000000000,0.0000018244,0.0000256260
362,0.0000237999,0.0000000000,0.0000018261,0.0000256260
363,0.0000237948,0.0000000000,0.0000018312,0.0000256260
364,0.0000237863,0.0000000000,0.0000018397,0.0000256260
365,0.0000237744,0.0000000000,0.0000018516,0.0000256260
366,0.0000237591,0.0000000000,0.0000018669,0.0000256260
367,0.0000237404,0.0000000000,0.0000018856,0.0000256260
368,0.0000237183,0.0000000000,0.0000019077,0.0000256260
369,0.0000236928,0.0000000000,0.0000019332,0.0000256260
370,0.0000236640,0.0000000000,0.0000019620,0.0000256260
371,0.0000236318,0.0000000000,0.0000019941,0.0000256260
372,0.0000235963,0.0000000000,0.0000020296,0.0000256260
373,0.0000235575,0.0000000000,0.0000020685,0.0000256260
374,0.0000235154,0.0000000000,0.0000021106,0.0000256260
375,0.0000234700,0.0000000000,0.0000021560,0.0000256260
376,0.0000234213,0.0000000000,0.0000022047,0.0000256260
377,0.0000233694,0.0000000000,0.0000022566,0.0000256260
378,0.0000233142,0.0000000000,0.0000023118,0.0000256260
379,0.0000232558,0.0000000000,0.0000023701,0.0000256260
380,0.0000231943,0.0000000000,0.0000024317,0.0000256260
381,0.0000231296,0.0000000000,0.0000024964,0.0000256260
382,0.0000230617,0.0000000000,0.0000025643,0.0000256260
383,0.0000229907,0.0000000000,0.0000026353,0.0000256260
384,0.0000229166,0.0000000000,0.0000027094,0.0000256260
385,0.0000228395,0.0000000000,0.0000027865,0.0000256260
386,0.0000227593,0.0000000000,0.0000028667,0.0000256260
387,0.0000226761,0.0000000000,0.0000029499,0.0000256260
388,0.0000225899,0.0000000000,0.0000030361,0.0000256260
389,0.0000225008,0.0000000000,0.0000031252,0.0000256260
390,0.0000224088,0.0000000000,0.0000032172,0.0000256260
391,0.0000223138,0.0000000000,0.0000033122,0.0000256260
392,0.0000222161,0.0000000000,0.0000034099,0.0000256260
393,0.0000221155,0.0000000000,0.0000035106,0.0000256260
394,0.0000220121,0.0000000000,0.0000036139,0.0000256260
395,0.0000219059,0.0000000000,0.0000037201,0.0000256260
396,0.0000217971,0.0000000000,0.0000038289,0.0000256260
397,0.0000216855,0.0000000000,0.0000039405,0.0000256260
398,0.0000215714,0.0000000000,0.0000040547,0.0000256260
399,0.0000214546,0.0000000000,0.0000041714,0.0000256260
400,0.0000213353,0.0000000000,0.0000042908,0.0000256261
401,0.0000212134,0.0000000000,0.0000044126,0.0000256261
402,0.0000210891,0.0000000000,0.0000045370,0.0000256261
403,0.0000209623,0.0000000000,0.0000046638,0.0000256261
404,0.0000208331,0.0000000000,0.0000047929,0.0000256261
405,0.0000207016,0.0000000000,0.0000049245,0.0000256261
406,0.0000205678,0.0000000000,0.0000050583,0.0000256261
407,0.0000204317,0.0000000000,0.0000051944,0.0000256261
408,0.0000202933,0.0000000000,0.0000053328,0.0000256261
409,0.0000201528,0.0000000000,0.0000054733,0.0000256261
410,0.0000200102,0.0000000000,0.0000056159,0.0000256261
411,0.0000198655,0.0000000000,0.0000057606,0.0000256261
412,0.0000197187,0.0000000000,0.0000059074,0.0000256261
413,0.0000195700,0.0000000000,0.0000060561,0.0000256261
414,0.0000194194,0.0000000000,0.0000062068,0.0000256261
415,0.0000192668,0.0000000000,0.0000063593,0.0000256261
416,0.0000191124,0.0000000000,0.0000065137,0.0000256261
417,0.0000189562,0.0000000000,0.0000066699,0.0000256261
418,0.0000187983,0.0000000000,0.0000068278,0.0000256261
419,0.0000186387,0.0000000000,0.0000069874,0.0000256261
420,0.0000184775,0.0000000000,0.0000071486,0.0000256261
421,0.0000183147,0.0000000000,0.0000073114,0.0000256261
422,0.0000181504,0.0000000000,0.0000074757,0.0000256261
423,0.0000179846,0.0000000000,0.0000076416,0.0000256261
424,0.0000178174,0.0000000000,0.0000078088,0.0000256261
425,0.0000176488,0.0000000000,0.0000079774,0.0000256261
426,0.0000174789,0.0000000000,0.0000081473,0.0000256262
427,0.0000173077,0.0000000000,0.0000083184,0.0000256262
428,0.0000171354,0.0000000000,0.0000084908,0.0000256262
429,0.0000169619,0.0000000000,0.0000086643,0.0000256262
430,0.0000167873,0.0000000000,0.0000088389,0.0000256262
431,0.0000166117,0.0000000000,0.0000090145,0.0000256262
432,0.0000164351,0.0000000000,0.0000091911,0.0000256262
433,0.0000162575,0.0000000000,0.0000093686,0.0000256262
434,0.0000160792,0.0000000000,0.0000095470,0.0000256262
435,0.0000159000,0.0000000000,0.0000097262,0.0000256262
436,0.0000157200,0.0000000000,0.0000099061,0.0000256262
437,0.0000155394,0.0000000000,0.0000100868,0.0000256262
438,0.0000153582,0.0000000000,0.0000102680,0.0000256262
439,0.0000151763,0.0000000000,0.0000104499,0.0000256262
440,0.0000149940,0.0000000000,0.0000106322,0.0000256262
441,0.0000148111,0.0000000000,0.0000108151,0.0000256262
442,0.0000146279,0.0000000000,0.0000109983,0.0000256262
443,0.0000144444,0.0000000000,0.0000111818,0.0000256262
444,0.0000142605,0.0000000000,0.0000113657,0.0000256262
445,0.0000140765,0.0000000000,0.0000115498,0.0000256262
446,0.0000138922,0.0000000000,0.0000117340,0.0000256262
447,0.0000137079,0.0000000000,0.0000119184,0.0000256262
448,0.0000135235,0.0000000000,0.0000121028,0.0000256262
449,0.0000133391,0.0000000000,0.0000122872,0.0000256262
450,0.0000131547,0.0000000000,0.0000124715,0.0000256262
451,0.0000129705,0.0000000000,0.0000126557,0.0000256262
452,0.0000127865,0.0000000000,0.0000128398,0.0000256262
453,0.0000126027,0.0000000000,0.0000130236,0.0000256262
454,0.0000124192,0.0000000000,0.0000132071,0.0000256263
455,0.0000122360,0.0000000000,0.0000133902,0.0000256263
456,0.0000120533,0.0000000000,0.0000135730,0.0000256263
457,0.0000118710,0.0000000000,0.0000137552,0.0000256263
458,0.0000116893,0.0000000000,0.0000139370,0.0000256263
459,0.0000115081,0.0000000000,0.0000141181,0.0000256263
460,0.0000113276,0.0000000000,0.0000142987,0.0000256263
461,0.0000111478,0.0000000000,0.0000144785,0.0000256263
462,0.0000109687,0.0000000000,0.0000146576,0.0000256263
463,0.0000107904,0.0000000000,0.0000148358,0.0000256263
464,0.0000106130,0.0000000000,0.0000150133,0.0000256263
465,0.0000104365,0.0000000000,0.0000151898,0.0000256263
466,0.0000102610,0.0000000000,0.0000153653,0.0000256263
467,0.0000100865,0.0000000000,0.0000155398,0.0000256263
468,0.0000099131,0.0000000000,0.0000157132,0.0000256263
469,0.0000097408,0.0000000000,0.0000158855,0.0000256263
470,0.0000095697,0.0000000000,0.0000160566,0.0000256263
471,0.0000093999,0.0000000000,0.0000162264,0.0000256263
472,0.0000092313,0.0000000000,0.0000163950,0.0000256263
473,0.0000090641,0.0000000000,0.0000165622,0.0000256263
474,0.0000088983,0.0000000000,0.0000167280,0.0000256263
475,0.0000087339,0.0000000000,0.0000168924,0.0000256263
476,0.0000085710,0.0000000000,0.0000170553,0.0000256263
477,0.0000084097,0.0000000000,0.0000172166,0.0000256263
478,0.0000082499,0.0000000000,0.0000173764,0.0000256263
479,0.0000080918,0.0000000000,0.0000175345,0.0000256263
480,0.0000079354,0.0000000000,0.0000176909,0.0000256263
481,0.0000077808,0.0000000000,0.0000178456,0.0000256263
482,0.0000076279,0.0000000000,0.0000179984,0.0000256263
483,0.0000074769,0.0000000000,0.0000181495,0.0000256263
484,0.0000073277,0.0000000000,0.0000182986,0.0000256263
485,0.0000071805,0.0000000000,0.0000184459,0.0000256264
486,0.0000070352,0.0000000000,0.0000185911,0.0000256264
487,0.0000068920,0.0000000000,0.0000187344,0.0000256264
488,0.0000067508,0.0000000000,0.0000188756,0.0000256264
489,0.0000066117,0.0000000000,0.0000190147,0.0000256264
490,0.0000064747,0.0000000000,0.0000191517,0.0000256264
491,0.0000063399,0.0000000000,0.0000192864,0.0000256264
492,0.0000062074,0.0000000000,0.0000194190,0.0000256264
493,0.0000060771,0.0000000000,0.0000195493,0.0000256264
494,0.0000059491,0.0000000000,0.0000196773,0.0000256264
495,0.0000058234,0.0000000000,0.0000198030,0.0000256264
496,0.0000057001,0.0000000000,0.0000199262,0.0000256264
497,0.0000055793,0.0000000000,0.0000200471,0.0000256264
498,0.0000054609,0.0000000000,0.0000201655,0.0000256264
499,0.0000053449,0.0000000000,0.0000202815,0.0000256264
500,0.0000052312,0.0000000000,0.0000203949,0.0000256261
501,0.0000051203,0.0000000000,0.0000205058,0.0000256261
502,0.0000050120,0.0000000000,0.0000206141,0.0000256261
503,0.0000049063,0.0000000000,0.0000207197,0.0000256261
504,0.0000048033,0.0000000000,0.0000208228,0.0000256261
505,0.0000047030,0.0000000000,0.0000209231,0.0000256261
506,0.0000046053,0.0000000000,0.0000210208,0.0000256261
507,0.0000045104,0.0000000000,0.0000211157,0.0000256261
508,0.0000044182,0.0000000000,0.0000212079,0.0000256261
509,0.0000043288,0.0000000000,0.0000212973,0.0000256261
510,0.0000042423,0.0000000000,0.0000213838,0.0000256261
511,0.0000041585,0.0000000000,0.0000214676,0.0000256261
512,0.0000040776,0.0000000000,0.0000215485,0.0000256261
513,0.0000039996,0.0000000000,0.0000216265,0.0000256261
514,0.0000039245,0.0000000000,0.0000217016,0.0000256261
515,0.0000038524,0.0000000000,0.0000217737,0.0000256261
516,0.0000037831,0.0000000000,0.0000218430,0.0000256261
517,0.0000037168,0.0000000000,0.0000219093,0.0000256261
518,0.0000036535,0.0000000000,0.0000219726,0.0000256261
519,0.0000035932,0.0000000000,0.0000220329,0.0000256261
520,0.0000035359,0.0000000000,0.0000220902,0.0000256261
521,0.0000034817,0.0000000000,0.0000221444,0.0000256261
522,0.0000034305,0.0000000000,0.0000221957,0.0000256261
523,0.0000033823,0.0000000000,0.0000222438,0.0000256261
524,0.0000033372,0.0000000000,0.0000222889,0.0000256261
525,0.0000032951,0.0000000000,0.0000223310,0.0000256261
526,0.0000032562,0.0000000000,0.0000223699,0.0000256261
527,0.0000032203,0.0000000000,0.0000224058,0.0000256261
528,0.0000031876,0.0000000000,0.0000224385,0.0000256261
529,0.0000031579,0.0000000000,0.0000224682,0.0000256261
530,0.0000031314,0.0000000000,0.0000224947,0.0000256261
531,0.0000031080,0.0000000000,0.0000225181,0.0000256261
532,0.0000030877,0.0000000000,0.0000225384,0.0000256261
533,0.0000030706,0.0000000000,0.0000225555,0.0000256261
534,0.0000030565,0.0000000000,0.0000225696,0.0000256261
535,0.0000030457,0.0000000000,0.0000225805,0.0000256261
536,0.0000030379,0.0000000000,0.0000225882,0.0000256261
537,0.0000030333,0.0000000000,0.0000225929,0.0000256261
538,0.0000030318,0.0000000000,0.0000225944,0.0000256261
539,0.0000030334,0.0000000000,0.0000225927,0.0000256261
540,0.0000030381,0.0000000000,0.0000225880,0.0000256261
541,0.0000030460,0.0000000000,0.0000225801,0.0000256261
542,0.0000030569,0.0000000000,0.0000225692,0.0000256261
543,0.0000030710,0.0000000000,0.0000225551,0.0000256261
544,0.0000030882,0.0000000000,0.0000225379,0.0000256261
545,0.0000031084,0.0000000000,0.0000225177,0.0000256261
546,0.0000031318,0.0000000000,0.0000224943,0.0000256261
547,0.0000031582,0.0000000000,0.0000224679,0.0000256261
548,0.0000031876,0.0000000000,0.0000224385,0.0000256261
549,0.0000032201,0.0000000000,0.0000224060,0.0000256261
550,0.0000032556,0.0000000000,0.0000223705,0.0000256261
551,0.0000032942,0.0000000000,0.0000223319,0.0000256261
552,0.0000033357,0.0000000000,0.0000222904,0.0000256261
553,0.0000033802,0.0000000000,0.0000222459,0.0000256261
554,0.0000034277,0.0000000000,0.0000221984,0.0000256261
555,0.0000034781,0.0000000000,0.0000221480,0.0000256261
556,0.0000035315,0.0000000000,0.0000220946,0.0000256261
557,0.0000035877,0.0000000000,0.0000220384,0.0000256261
558,0.0000036469,0.0000000000,0.0000219792,0.0000256261
559,0.0000037089,0.0000000000,0.0000219172,0.0000256261
560,0.0000037737,0.0000000000,0.0000218524,0.0000256261
561,0.0000038414,0.0000000000,0.0000217847,0.0000256261
562,0.0000039118,0.0000000000,0.0000217142,0.0000256261
563,0.0000039851,0.0000000000,0.0000216410,0.0000256261
564,0.0000040610,0.0000000000,0.0000215650,0.0000256261
565,0.0000041397,0.0000000000,0.0000214864,0.0000256261
566,0.0000042211,0.0000000000,0.0000214050,0.0000256261
567,0.0000043051,0.0000000000,0.0000213210,0.0000256261
568,0.0000043917,0.0000000000,0.0000212343,0.0000256261
569,0.0000044810,0.0000000000,0.0000211451,0.0000256261
570,0.0000045728,0.0000000000,0.0000210533,0.0000256261
571,0.0000046671,0.0000000000,0.0000209589,0.0000256261
572,0.0000047640,0.0000000000,0.0000208621,0.0000256261
573,0.0000048633,0.0000000000,0.0000207628,0.0000256261
574,0.0000049650,0.0000000000,0.0000206610,0.0000256261
575,0.0000050692,0.0000000000,0.0000205569,0.0000256261
576,0.0000051757,0.0000000000,0.0000204504,0.0000256261
577,0.0000052845,0.0000000000,0.0000203415,0.0000256261
578,0.0000053956,0.0000000000,0.0000202304,0.0000256261
579,0.0000055090,0.0000000000,0.0000201171,0.0000256261
580,0.0000056246,0.0000000000,0.0000200015,0.0000256260
581,0.0000057423,0.0000000000,0.0000198837,0.0000256260
582,0.0000058622,0.0000000000,0.0000197638,0.0000256260
583,0.0000059842,0.0000000000,0.0000196418,0.0000256260
584,0.0000061082,0.0000000000,0.0000195178,0.0000256260
585,0.0000062343,0.0000000000,0.0000193918,0.0000256260
586,0.0000063623,0.0000000000,0.0000192637,0.0000256260
587,0.0000064922,0.0000000000,0.0000191338,0.0000256260
588,0.0000066240,0.0000000000,0.0000190020,0.0000256260
589,0.0000067577,0.0000000000,0.0000188683,0.0000256260
590,0.0000068931,0.0000000000,0.0000187329,0.0000256260
591,0.0000070303,0.0000000000,0.0000185957,0.0000256260
592,0.0000071692,0.0000000000,0.0000184568,0.0000256260
593,0.0000073098,0.0000000000,0.0000183162,0.0000256260
594,0.0000074519,0.0000000000,0.0000181741,0.0000256260
595,0.0000075957,0.0000000000,0.0000180304,0.0000256260
596,0.0000077409,0.0000000000,0.0000178851,0.0000256260
597,0.0000078876,0.0000000000,0.0000177384,0.0000256260
598,0.0000080357,0.0000000000,0.0000175903,0.0000256260
599,0.0000081852,0.0000000000,0.0000174408,0.0000256260
600,0.0000083361,0.0000000000,0.0000172900,0.0000256261
601,0.0000084882,0.0000000000,0.0000171379,0.0000256261
602,0.0000086415,0.0000000000,0.0000169846,0.0000256261
603,0.0000087960,0.0000000000,0.0000168301,0.0000256261
604,0.0000089516,0.0000000000,0.0000166745,0.0000256261
605,0.0000091083,0.0000000000,0.0000165178,0.0000256261
606,0.0000092660,0.0000000000,0.0000163601,0.0000256261
607,0.0000094246,0.0000000000,0.0000162014,0.0000256260
608,0.0000095842,0.0000000000,0.0000160418,0.0000256260
609,0.0000097447,0.0000000000,0.0000158814,0.0000256260
610,0.0000099059,0.0000000000,0.0000157201,0.0000256260
611,0.0000100679,0.0000000000,0.0000155581,0.0000256260
612,0.0000102307,0.0000000000,0.0000153954,0.0000256260
613,0.0000103940,0.0000000000,0.0000152320,0.0000256260
614,0.0000105580,0.0000000000,0.0000150680,0.0000256260
615,0.0000107226,0.0000000000,0.0000149035,0.0000256260
616,0.0000108876,0.0000000000,0.0000147384,0.0000256260
617,0.0000110531,0.0000000000,0.0000145730,0.0000256260
618,0.0000112189,0.0000000000,0.0000144071,0.0000256260
619,0.0000113851,0.0000000000,0.0000142409,0.0000256260
620,0.0000115516,0.0000000000,0.0000140744,0.0000256260
621,0.0000117183,0.0000000000,0.0000139077,0.0000256260
622,0.0000118852,0.0000000000,0.0000137408,0.0000256260
623,0.0000120523,0.0000000000,0.0000135737,0.0000256260
624,0.0000122193,0.0000000000,0.0000134066,0.0000256260
625,0.0000123865,0.0000000000,0.0000132395,0.0000256260
626,0.0000125535,0.0000000000,0.0000130725,0.0000256260
627,0.0000127205,0.0000000000,0.0000129055,0.0000256260
628,0.0000128874,0.0000000000,0.0000127386,0.0000256260
629,0.0000130540,0.0000000000,0.0000125720,0.0000256260
630,0.0000132204,0.0000000000,0.0000124056,0.0000256260
631,0.0000133865,0.0000000000,0.0000122395,0.0000256260
632,0.0000135523,0.0000000000,0.0000120737,0.0000256260
633,0.0000137176,0.0000000000,0.0000119084,0.0000256260
634,0.0000138825,0.0000000000,0.0000117435,0.0000256260
635,0.0000140469,0.0000000000,0.0000115791,0.0000256260
636,0.0000142107,0.0000000000,0.0000114153,0.0000256260
637,0.0000143739,0.0000000000,0.0000112521,0.0000256260
638,0.0000145364,0.0000000000,0.0000110895,0.0000256259
639,0.0000146983,0.0000000000,0.0000109277,0.0000256259
640,0.0000148593,0.0000000000,0.0000107666,0.0000256259
641,0.0000150196,0.0000000000,0.0000106064,0.0000256259
642,0.0000151789,0.0000000000,0.0000104470,0.0000256259
643,0.0000153374,0.0000000000,0.0000102885,0.0000256259
644,0.0000154949,0.0000000000,0.0000101310,0.0000256259
645,0.0000156514,0.0000000000,0.0000099746,0.0000256259
646,0.0000158068,0.0000000000,0.0000098191,0.0000256259
647,0.0000159611,0.0000000000,0.0000096648,0.0000256259
648,0.0000161142,0.0000000000,0.0000095117,0.0000256259
649,0.0000162662,0.0000000000,0.0000093597,0.0000256259
650,0.0000164169,0.0000000000,0.0000092090,0.0000256259
651,0.0000165663,0.0000000000,0.0000090597,0.0000256259
652,0.0000167143,0.0000000000,0.0000089116,0.0000256259
653,0.0000168609,0.0000000000,0.0000087650,0.0000256259
654,0.0000170062,0.0000000000,0.0000086197,0.0000256259
655,0.0000171499,0.0000000000,0.0000084760,0.0000256259
656,0.0000172921,0.0000000000,0.0000083338,0.0000256259
657,0.0000174327,0.0000000000,0.0000081932,0.0000256259
658,0.0000175717,0.0000000000,0.0000080542,0.0000256259
659,0.0000177091,0.0000000000,0.0000079168,0.0000256259
660,0.0000178448,0.0000000000,0.0000077811,0.0000256259
661,0.0000179787,0.0000000000,0.0000076472,0.0000256259
662,0.0000181109,0.0000000000,0.0000075150,0.0000256259
663,0.0000182412,0.0000000000,0.0000073847,0.0000256259
664,0.0000183697,0.0000000000,0.0000072562,0.0000256259
665,0.0000184962,0.0000000000,0.0000071296,0.0000256259
666,0.0000186209,0.0000000000,0.0000070050,0.0000256259
667,0.0000187435,0.0000000000,0.0000068823,0.0000256259
668,0.0000188642,0.0000000000,0.0000067617,0.0000256259
669,0.0000189828,0.0000000000,0.0000066431,0.0000256259
670,0.0000190993,0.0000000000,0.0000065265,0.0000256259
671,0.0000192138,0.0000000000,0.0000064121,0.0000256259
672,0.0000193260,0.0000000000,0.0000062998,0.0000256259
673,0.0000194361,0.0000000000,0.0000061898,0.0000256259
674,0.0000195440,0.0000000000,0.0000060819,0.0000256259
675,0.0000196496,0.0000000000,0.0000059763,0.0000256259
676,0.0000197529,0.0000000000,0.0000058729,0.0000256258
677,0.0000198540,0.0000000000,0.0000057719,0.0000256258
678,0.0000199526,0.0000000000,0.0000056732,0.0000256258
679,0.0000200490,0.0000000000,0.0000055769,0.0000256258
680,0.0000201429,0.0000000000,0.0000054829,0.0000256258
681,0.0000202344,0.0000000000,0.0000053914,0.0000256258
682,0.0000203235,0.0000000000,0.0000053024,0.0000256258
683,0.0000204100,0.0000000000,0.0000052158,0.0000256258
684,0.0000204941,0.0000000000,0.0000051317,0.0000256258
685,0.0000205757,0.0000000000,0.0000050502,0.0000256258
686,0.0000206547,0.0000000000,0.0000049711,0.0000256258
687,0.0000207311,0.0000000000,0.0000048947,0.0000256258
688,0.0000208050,0.0000000000,0.0000048208,0.0000256258
689,0.0000208762,0.0000000000,0.0000047496,0.0000256258
690,0.0000209448,0.0000000000,0.0000046810,0.0000256258
691,0.0000210108,0.0000000000,0.0000046150,0.0000256258
692,0.0000210741,0.0000000000,0.0000045517,0.0000256258
693,0.0000211347,0.0000000000,0.0000044911,0.0000256258
694,0.0000211926,0.0000000000,0.0000044332,0.0000256258
695,0.0000212478,0.0000000000,0.0000043780,0.0000256258
696,0.0000213003,0.0000000000,0.0000043255,0.0000256258
697,0.0000213500,0.0000000000,0.0000042758,0.0000256258
698,0.0000213970,0.0000000000,0.0000042288,0.0000256258
699,0.0000214412,0.0000000000,0.0000041846,0.0000256258
700,0.0000214829,0.0000000000,0.0000041432,0.0000256261
701,0.0000215215,0.0000000000,0.0000041046,0.0000256261
702,0.0000215573,0.0000000000,0.0000040688,0.0000256261
703,0.0000215903,0.0000000000,0.0000040357,0.0000256261
704,0.0000216206,0.0000000000,0.0000040055,0.0000256261
705,0.0000216479,0.0000000000,0.0000039781,0.0000256261
706,0.0000216725,0.0000000000,0.0000039536,0.0000256261
707,0.0000216943,0.0000000000,0.0000039318,0.0000256261
708,0.0000217132,0.0000000000,0.0000039129,0.0000256261
709,0.0000217292,0.0000000000,0.0000038968,0.0000256261
710,0.0000217425,0.0000000000,0.0000038836,0.0000256261
711,0.0000217529,0.0000000000,0.0000038732,0.0000256261
712,0.0000217604,0.0000000000,0.0000038657,0.0000256261
713,0.0000217651,0.0000000000,0.0000038609,0.0000256261
714,0.0000217670,0.0000000000,0.0000038591,0.0000256261
715,0.0000217661,0.0000000000,0.0000038600,0.0000256261
716,0.0000217623,0.0000000000,0.0000038638,0.0000256261
717,0.0000217557,0.0000000000,0.0000038704,0.0000256261
718,0.0000217462,0.0000000000,0.0000038798,0.0000256261
719,0.0000217340,0.0000000000,0.0000038921,0.0000256261
720,0.0000217189,0.0000000000,0.0000039071,0.0000256261
721,0.0000217011,0.0000000000,0.0000039250,0.0000256261
722,0.0000216805,0.0000000000,0.0000039456,0.0000256261
723,0.0000216570,0.0000000000,0.0000039690,0.0000256261
724,0.0000216309,0.0000000000,0.0000039952,0.0000256261
725,0.0000216019,0.0000000000,0.0000040242,0.0000256261
726,0.0000215702,0.0000000000,0.0000040558,0.0000256261
727,0.0000215358,0.0000000000,0.0000040903,0.0000256261
728,0.0000214987,0.0000000000,0.0000041274,0.0000256261
729,0.0000214588,0.0000000000,0.0000041672,0.0000256261
730,0.0000214163,0.0000000000,0.0000042098,0.0000256261
731,0.0000213711,0.0000000000,0.0000042549,0.0000256261
732,0.0000213233,0.0000000000,0.0000043028,0.0000256261
733,0.0000212728,0.0000000000,0.0000043533,0.0000256261
734,0.0000212197,0.0000000000,0.0000044064,0.0000256261
735,0.0000211640,0.0000000000,0.0000044620,0.0000256261
736,0.0000211058,0.0000000000,0.0000045203,0.0000256261
737,0.0000210450,0.0000000000,0.0000045811,0.0000256261
738,0.0000209816,0.0000000000,0.0000046445,0.0000256261
739,0.0000209158,0.0000000000,0.0000047103,0.0000256261
740,0.0000208475,0.0000000000,0.0000047786,0.0000256261
741,0.0000207767,0.0000000000,0.0000048494,0.0000256261
742,0.0000207034,0.0000000000,0.0000049226,0.0000256261
743,0.0000206278,0.0000000000,0.0000049983,0.0000256261
744,0.0000205498,0.0000000000,0.0000050763,0.0000256261
745,0.0000204695,0.0000000000,0.0000051566,0.0000256261
746,0.0000203868,0.0000000000,0.0000052393,0.0000256261
747,0.0000203018,0.0000000000,0.0000053243,0.0000256261
748,0.0000202146,0.0000000000,0.0000054115,0.0000256261
749,0.0000201251,0.0000000000,0.0000055010,0.0000256261
750,0.0000200334,0.0000000000,0.0000055927,0.0000256261
751,0.0000199396,0.0000000000,0.0000056865,0.0000256261
752,0.0000198436,0.0000000000,0.0000057825,0.0000256261
753,0.0000197455,0.0000000000,0.0000058806,0.0000256261
754,0.0000196454,0.0000000000,0.0000059808,0.0000256261
755,0.0000195432,0.0000000000,0.0000060830,0.0000256261
756,0.0000194390,0.0000000000,0.0000061872,0.0000256261
757,0.0000193328,0.0000000000,0.0000062933,0.0000256261
758,0.0000192247,0.0000000000,0.0000064014,0.0000256261
759,0.0000191147,0.0000000000,0.0000065114,0.0000256261
760,0.0000190029,0.0000000000,0.0000066233,0.0000256261
761,0.0000188892,0.0000000000,0.0000067369,0.0000256261
762,0.0000187738,0.0000000000,0.0000068524,0.0000256261
763,0.0000186566,0.0000000000,0.0000069696,0.0000256261
764,0.0000185377,0.0000000000,0.0000070884,0.0000256261
765,0.0000184171,0.0000000000,0.0000072090,0.0000256261
766,0.0000182950,0.0000000000,0.0000073312,0.0000256261
767,0.0000181712,0.0000000000,0.0000074549,0.0000256262
768,0.0000180459,0.0000000000,0.0000075802,0.0000256262
769,0.0000179191,0.0000000000,0.0000077070,0.0000256262
770,0.0000177909,0.0000000000,0.0000078353,0.0000256262
771,0.0000176612,0.0000000000,0.0000079649,0.0000256262
772,0.0000175302,0.0000000000,0.0000080960,0.0000256262
773,0.0000173978,0.0000000000,0.0000082283,0.0000256262
774,0.0000172642,0.0000000000,0.0000083620,0.0000256262
775,0.0000171293,0.0000000000,0.0000084969,0.0000256262
776,0.0000169932,0.0000000000,0.0000086329,0.0000256262
777,0.0000168560,0.0000000000,0.0000087702,0.0000256262
778,0.0000167177,0.0000000000,0.0000089085,0.0000256262
779,0.0000165783,0.0000000000,0.0000090479,0.0000256262
780,0.0000164379,0.0000000000,0.0000091883,0.0000256262
781,0.0000162965,0.0000000000,0.0000093297,0.0000256262
782,0.0000161542,0.0000000000,0.0000094720,0.0000256262
783,0.0000160110,0.0000000000,0.0000096152,0.0000256262
784,0.0000158670,0.0000000000,0.0000097592,0.0000256262
785,0.0000157222,0.0000000000,0.0000099040,0.0000256262
786,0.0000155767,0.0000000000,0.0000100495,0.0000256262
787,0.0000154305,0.0000000000,0.0000101957,0.0000256262
788,0.0000152837,0.0000000000,0.0000103426,0.0000256262
789,0.0000151362,0.0000000000,0.0000104900,0.0000256262
790,0.0000149882,0.0000000000,0.0000106380,0.0000256262
791,0.0000148397,0.0000000000,0.0000107865,0.0000256262
792,0.0000146908,0.0000000000,0.0000109354,0.0000256262
793,0.0000145414,0.0000000000,0.0000110848,0.0000256262
794,0.0000143917,0.0000000000,0.0000112345,0.0000256262
795,0.0000142417,0.0000000000,0.0000113845,0.0000256262
796,0.0000140914,0.0000000000,0.0000115348,0.0000256262
797,0.0000139409,0.0000000000,0.0000116853,0.0000256262
798,0.0000137903,0.0000000000,0.0000118359,0.0000256262
799,0.0000136395,0.0000000000,0.0000119867,0.0000256262
800,0.0000134885,0.0000000000,0.0000121376,0.0000256261
801,0.0000133377,0.0000000000,0.0000122884,0.0000256261
802,0.0000131868,0.0000000000,0.0000124392,0.0000256261
803,0.0000130361,0.0000000000,0.0000125900,0.0000256261
804,0.0000128855,0.0000000000,0.0000127406,0.0000256261
805,0.0000127350,0.0000000000,0.0000128911,0.0000256261
806,0.0000125848,0.0000000000,0.0000130413,0.0000256261
807,0.0000124348,0.0000000000,0.0000131913,0.0000256261
808,0.0000122851,0.0000000000,0.0000133410,0.0000256261
809,0.0000121358,0.0000000000,0.0000134903,0.0000256261
810,0.0000119869,0.0000000000,0.0000136392,0.0000256261
811,0.0000118385,0.0000000000,0.0000137876,0.0000256261
812,0.0000116905,0.0000000000,0.0000139356,0.0000256261
813,0.0000115431,0.0000000000,0.0000140830,0.0000256261
814,0.0000113963,0.0000000000,0.0000142298,0.0000256261
815,0.0000112501,0.0000000000,0.0000143760,0.0000256261
816,0.0000111046,0.0000000000,0.0000145215,0.0000256261
817,0.0000109599,0.0000000000,0.0000146662,0.0000256261
818,0.0000108159,0.0000000000,0.0000148102,0.0000256261
819,0.0000106727,0.0000000000,0.0000149534,0.0000256261
820,0.0000105304,0.0000000000,0.0000150957,0.0000256261
821,0.0000103890,0.0000000000,0.0000152371,0.0000256261
822,0.0000102485,0.0000000000,0.0000153776,0.0000256261
823,0.0000101091,0.0000000000,0.0000155171,0.0000256261
824,0.0000099706,0.0000000000,0.0000156555,0.0000256261
825,0.0000098333,0.0000000000,0.0000157929,0.0000256261
826,0.0000096970,0.0000000000,0.0000159291,0.0000256261
827,0.0000095619,0.0000000000,0.0000160642,0.0000256261
828,0.0000094280,0.0000000000,0.0000161981,0.0000256262
829,0.0000092954,0.0000000000,0.0000163308,0.0000256262
830,0.0000091640,0.0000000000,0.0000164621,0.0000256262
831,0.0000090340,0.0000000000,0.0000165922,0.0000256262
832,0.0000089053,0.0000000000,0.0000167208,0.0000256262
833,0.0000087780,0.0000000000,0.0000168481,0.0000256262
834,0.0000086522,0.0000000000,0.0000169740,0.0000256262
835,0.0000085278,0.0000000000,0.0000170983,0.0000256262
836,0.0000084050,0.0000000000,0.0000172212,0.0000256262
837,0.0000082837,0.0000000000,0.0000173425,0.0000256262
838,0.0000081639,0.0000000000,0.0000174622,0.0000256262
839,0.0000080458,0.0000000000,0.0000175803,0.0000256262
840,0.0000079294,0.0000000000,0.0000176968,0.0000256262
841,0.0000078146,0.0000000000,0.0000178115,0.0000256262
842,0.0000077016,0.0000000000,0.0000179246,0.0000256262
843,0.0000075903,0.0000000000,0.0000180359,0.0000256262
844,0.0000074808,0.0000000000,0.0000181453,0.0000256262
845,0.0000073732,0.0000000000,0.0000182530,0.0000256262
846,0.0000072674,0.0000000000,0.0000183588,0.0000256262
847,0.0000071634,0.0000000000,0.0000184628,0.0000256262
848,0.0000070614,0.0000000000,0.0000185648,0.0000256262
849,0.0000069613,0.0000000000,0.0000186649,0.0000256262
850,0.0000068632,0.0000000000,0.0000187630,0.0000256262
851,0.0000067671,0.0000000000,0.0000188591,0.0000256262
852,0.0000066731,0.0000000000,0.0000189531,0.0000256262
853,0.0000065810,0.0000000000,0.0000190452,0.0000256262
854,0.0000064911,0.0000000000,0.0000191351,0.0000256262
855,0.0000064032,0.0000000000,0.0000192230,0.0000256262
856,0.0000063175,0.0000000000,0.0000193087,0.0000256262
857,0.0000062340,0.0000000000,0.0000193922,0.0000256262
858,0.0000061526,0.0000000000,0.0000194736,0.0000256262
859,0.0000060734,0.0000000000,0.0000195528,0.0000256262
860,0.0000059964,0.0000000000,0.0000196298,0.0000256262
861,0.0000059217,0.0000000000,0.0000197045,0.0000256262
862,0.0000058492,0.0000000000,0.0000197770,0.0000256262
863,0.0000057790,0.0000000000,0.0000198472,0.0000256262
864,0.0000057112,0.0000000000,0.0000199151,0.0000256262
865,0.0000056456,0.0000000000,0.0000199806,0.0000256262
866,0.0000055823,0.0000000000,0.0000200439,0.0000256262
867,0.0000055214,0.0000000000,0.0000201048,0.0000256262
868,0.0000054629,0.0000000000,0.0000201633,0.0000256262
869,0.0000054068,0.0000000000,0.0000202194,0.0000256262
870,0.0000053530,0.0000000000,0.0000202732,0.0000256262
871,0.0000053017,0.0000000000,0.0000203246,0.0000256262
872,0.0000052527,0.0000000000,0.0000203735,0.0000256262
873,0.0000052062,0.0000000000,0.0000204200,0.0000256262
874,0.0000051622,0.0000000000,0.0000204640,0.0000256262
875,0.0000051206,0.0000000000,0.0000205057,0.0000256262
876,0.0000050814,0.0000000000,0.0000205448,0.0000256262
877,0.0000050447,0.0000000000,0.0000205815,0.0000256262
878,0.0000050105,0.0000000000,0.0000206157,0.0000256262
879,0.0000049788,0.0000000000,0.0000206474,0.0000256262
880,0.0000049496,0.0000000000,0.0000206767,0.0000256262
881,0.0000049228,0.0000000000,0.0000207034,0.0000256262
882,0.0000048986,0.0000000000,0.0000207276,0.0000256262
883,0.0000048768,0.0000000000,0.0000207494,0.0000256262
884,0.0000048576,0.0000000000,0.0000207686,0.0000256262
885,0.0000048409,0.0000000000,0.0000207854,0.0000256262
886,0.0000048266,0.0000000000,0.0000207996,0.0000256262
887,0.0000048149,0.0000000000,0.0000208113,0.0000256262
888,0.0000048057,0.0000000000,0.0000208205,0.0000256262
889,0.0000047990,0.0000000000,0.0000208273,0.0000256262
890,0.0000047948,0.0000000000,0.0000208315,0.0000256262
891,0.0000047930,0.0000000000,0.0000208332,0.0000256262
892,0.0000047938,0.0000000000,0.0000208324,0.0000256262
893,0.0000047971,0.0000000000,0.0000208291,0.0000256262
894,0.0000048029,0.0000000000,0.0000208234,0.0000256262
895,0.0000048111,0.0000000000,0.0000208151,0.0000256262
896,0.0000048218,0.0000000000,0.0000208044,0.0000256262
897,0.0000048350,0.0000000000,0.0000207912,0.0000256262
898,0.0000048506,0.0000000000,0.0000207756,0.0000256262
899,0.0000048687,0.0000000000,0.0000207575,0.0000256262
900,0.0000048890,0.0000000000,0.0000207370,0.0000256261
901,0.0000049120,0.0000000000,0.0000207141,0.0000256261
902,0.0000049373,0.0000000000,0.0000206888,0.0000256261
903,0.0000049651,0.0000000000,0.0000206610,0.0000256261
904,0.0000049952,0.0000000000,0.0000206309,0.0000256261
905,0.0000050277,0.0000000000,0.0000205984,0.0000256261
906,0.0000050626,0.0000000000,0.0000205635,0.0000256261
907,0.0000050998,0.0000000000,0.0000205263,0.0000256261
908,0.0000051393,0.0000000000,0.0000204867,0.0000256261
909,0.0000051812,0.0000000000,0.0000204449,0.0000256261
910,0.0000052253,0.0000000000,0.0000204007,0.0000256261
911,0.0000052718,0.0000000000,0.0000203543,0.0000256261
912,0.0000053204,0.0000000000,0.0000203056,0.0000256261
913,0.0000053713,0.0000000000,0.0000202547,0.0000256261
914,0.0000054245,0.0000000000,0.0000202016,0.0000256261
915,0.0000054798,0.0000000000,0.0000201463,0.0000256261
916,0.0000055373,0.0000000000,0.0000200888,0.0000256261
917,0.0000055970,0.0000000000,0.0000200291,0.0000256261
918,0.0000056587,0.0000000000,0.0000199673,0.0000256261
919,0.0000057226,0.0000000000,0.0000199034,0.0000256261
920,0.0000057886,0.0000000000,0.0000198375,0.0000256260
921,0.0000058566,0.0000000000,0.0000197695,0.0000256260
922,0.0000059266,0.0000000000,0.0000196994,0.0000256260
923,0.0000059987,0.0000000000,0.0000196274,0.0000256260
924,0.0000060727,0.0000000000,0.0000195533,0.0000256260
925,0.0000061487,0.0000000000,0.0000194774,0.0000256260
926,0.0000062266,0.0000000000,0.0000193995,0.0000256260
927,0.0000063064,0.0000000000,0.0000193197,0.0000256260
928,0.0000063880,0.0000000000,0.0000192380,0.0000256260
929,0.0000064715,0.0000000000,0.0000191545,0.0000256260
930,0.0000065568,0.0000000000,0.0000190692,0.0000256260
931,0.0000066439,0.0000000000,0.0000189822,0.0000256260
932,0.0000067327,0.0000000000,0.0000188934,0.0000256260
933,0.0000068232,0.0000000000,0.0000188029,0.0000256260
934,0.0000069154,0.0000000000,0.0000187107,0.0000256260
935,0.0000070092,0.0000000000,0.0000186168,0.0000256260
936,0.0000071047,0.0000000000,0.0000185214,0.0000256260
937,0.0000072017,0.0000000000,0.0000184243,0.0000256260
938,0.0000073003,0.0000000000,0.0000183258,0.0000256260
939,0.0000074003,0.0000000000,0.0000182257,0.0000256260
940,0.0000075019,0.0000000000,0.0000181241,0.0000256260
941,0.0000076049,0.0000000000,0.0000180211,0.0000256260
942,0.0000077093,0.0000000000,0.0000179167,0.0000256260
943,0.0000078151,0.0000000000,0.0000178109,0.0000256260
944,0.0000079222,0.0000000000,0.0000177038,0.0000256260
945,0.0000080305,0.0000000000,0.0000175955,0.0000256260
946,0.0000081402,0.0000000000,0.0000174858,0.0000256260
947,0.0000082511,0.0000000000,0.0000173749,0.0000256260
948,0.0000083631,0.0000000000,0.0000172629,0.0000256260
949,0.0000084763,0.0000000000,0.0000171497,0.0000256260
950,0.0000085906,0.0000000000,0.0000170354,0.0000256260
951,0.0000087060,0.0000000000,0.0000169200,0.0000256260
952,0.0000088224,0.0000000000,0.0000168036,0.0000256260
953,0.0000089397,0.0000000000,0.0000166862,0.0000256260
954,0.0000090581,0.0000000000,0.0000165679,0.0000256260
955,0.0000091773,0.0000000000,0.0000164487,0.0000256260
956,0.0000092974,0.0000000000,0.0000163286,0.0000256260
957,0.0000094183,0.0000000000,0.0000162076,0.0000256260
958,0.0000095400,0.0000000000,0.0000160859,0.0000256260
959,0.0000096625,0.0000000000,0.0000159635,0.0000256260
960,0.0000097857,0.0000000000,0.0000158403,0.0000256260
961,0.0000099095,0.0000000000,0.0000157165,0.0000256260
962,0.0000100340,0.0000000000,0.0000155920,0.0000256260
963,0.0000101590,0.0000000000,0.0000154670,0.0000256260
964,0.0000102846,0.0000000000,0.0000153414,0.0000256260
965,0.0000104107,0.0000000000,0.0000152153,0.0000256259
966,0.0000105372,0.0000000000,0.0000150887,0.0000256259
967,0.0000106642,0.0000000000,0.0000149618,0.0000256259
968,0.0000107915,0.0000000000,0.0000148344,0.0000256259
969,0.0000109192,0.0000000000,0.0000147068,0.0000256259
970,0.0000110471,0.0000000000,0.0000145788,0.0000256259
971,0.0000111753,0.0000000000,0.0000144506,0.0000256259
972,0.0000113038,0.0000000000,0.0000143222,0.0000256259
973,0.0000114323,0.0000000000,0.0000141936,0.0000256259
974,0.0000115610,0.0000000000,0.0000140649,0.0000256259
975,0.0000116898,0.0000000000,0.0000139361,0.0000256259
976,0.0000118187,0.0000000000,0.0000138072,0.0000256259
977,0.0000119475,0.0000000000,0.0000136784,0.0000256259
978,0.0000120763,0.0000000000,0.0000135496,0.0000256259
979,0.0000122050,0.0000000000,0.0000134209,0.0000256259
980,0.0000123336,0.0000000000,0.0000132923,0.0000256259
981,0.0000124621,0.0000000000,0.0000131638,0.0000256259
982,0.0000125903,0.0000000000,0.0000130356,0.0000256259
983,0.0000127183,0.0000000000,0.0000129076,0.0000256259
984,0.0000128460,0.0000000000,0.0000127799,0.0000256259
985,0.0000129733,0.0000000000,0.0000126526,0.0000256259
986,0.0000131003,0.0000000000,0.0000125256,0.0000256259
987,0.0000132269,0.0000000000,0.0000123990,0.0000256259
988,0.0000133531,0.0000000000,0.0000122728,0.0000256259
989,0.0000134787,0.0000000000,0.0000121472,0.0000256259
990,0.0000136039,0.0000000000,0.0000120220,0.0000256259
991,0.0000137284,0.0000000000,0.0000118974,0.0000256259
992,0.0000138524,0.0000000000,0.0000117735,0.0000256259
993,0.0000139757,0.0000000000,0.0000116501,0.0000256259
994,0.0000140984,0.0000000000,0.0000115275,0.0000256259
995,0.0000142203,0.0000000000,0.0000114056,0.0000256259
996,0.0000143415,0.0000000000,0.0000112844,0.0000256259
997,0.0000144619,0.0000000000,0.0000111640,0.0000256259
998,0.0000145814,0.0000000000,0.0000110444,0.0000256259
999,0.0000147001,0.0000000000,0.0000109258,0.0000256259
1000,0.0000148181,0.0000000000,0.0000108080,0.0000256261
